{
    "(2, 10)": 421.0778257841979,
    "(2, 3)": 93.00000000000003,
    "(2, 4)": 205.19047619047626,
    "(2, 5)": 287.0498866213152,
    "(2, 6)": 343.33797646042547,
    "(2, 7)": 372.99860435084935,
    "(2, 8)": 391.8224773047948,
    "(2, 9)": 405.1342952760298,
    "(3, 10)": 426.11154543429404,
    "(3, 3)": 78.00000000000006,
    "(3, 4)": 187.0000000000001,
    "(3, 5)": 277.4761904761904,
    "(3, 6)": 339.68934240362813,
    "(3, 7)": 372.27718388942884,
    "(3, 8)": 393.7979288765274,
    "(3, 9)": 409.78734699562864,
    "(4, 10)": 418.24248709853845,
    "(4, 3)": 78.00000000000006,
    "(4, 4)": 172.0000000000001,
    "(4, 5)": 257.0,
    "(4, 6)": 325.7619047619048,
    "(4, 7)": 361.780045351474,
    "(4, 8)": 382.51776266062,
    "(4, 9)": 400.8961706566009,
    "(5, 10)": 400.5555726631571,
    "(5, 3)": 78.00000000000006,
    "(5, 4)": 172.0000000000001,
    "(5, 5)": 242.0,
    "(5, 6)": 303.00000000000017,
    "(5, 7)": 342.80952380952385,
    "(5, 8)": 365.73015873015896,
    "(5, 9)": 380.5428139509774,
    "(6, 10)": 373.51787064031987,
    "(6, 3)": 78.00000000000006,
    "(6, 4)": 172.0000000000001,
    "(6, 5)": 242.0,
    "(6, 6)": 288.0000000000001,
    "(6, 7)": 317.0,
    "(6, 8)": 342.33333333333354,
    "(6, 9)": 358.70521541950126,
    "(7, 10)": 349.46712018140613,
    "(7, 3)": 78.00000000000006,
    "(7, 4)": 172.0000000000001,
    "(7, 5)": 242.0,
    "(7, 6)": 288.0000000000001,
    "(7, 7)": 302.0,
    "(7, 8)": 315.00000000000017,
    "(7, 9)": 333.0952380952383,
    "(8, 10)": 323.0952380952383,
    "(8, 3)": 78.00000000000006,
    "(8, 4)": 172.0000000000001,
    "(8, 5)": 242.0,
    "(8, 6)": 288.0000000000001,
    "(8, 7)": 302.0,
    "(8, 8)": 300.0000000000002,
    "(8, 9)": 305.0000000000002,
    "(9, 10)": 295.0000000000003,
    "(9, 3)": 78.00000000000006,
    "(9, 4)": 172.0000000000001,
    "(9, 5)": 242.0,
    "(9, 6)": 288.0000000000001,
    "(9, 7)": 302.0,
    "(9, 8)": 300.0000000000002,
    "(9, 9)": 290.0000000000002
}